1,Fleischwurst mit alles,""
2,Spaghetti Bolognese,""
3,Canneloni mit Spinat,und Feta
4,Pfannkuchen mit Schinken u. Käse,""
5,Zimtknullis,""
6,Tortellini mit Sahnesoße,""
7,Nudeln mit Tomaten-Speck-Chili-Oliven-Soße,""
8,Pizza,""
9,Gyros,""
10,Kartoffeln u. Grüne Soße,""
11,Nudeln mit Pesto,""
12,Spagetti Carbonara,""
13,Reis mit Curryhack,""
14,Hähnchencurry,""
15,Thai-Curry,""
18,Kürbissuppe,""
19,Kartoffel-Hack-Käse-Suppe,""
20,Gulasch,""
21,Szegediner Gulasch,""
22,Kartoffelgratin,""
23,Quiche,""
24,Tartiflette,""
25,Lasagne,""
26,Kartoffel mit Käse u. Apfelmus,""
27,Bratkartoffeln,""
28,Gebratene Nudeln,""
29,Ramen,""
30,Frikadellen,""
31,Nudeln mit Pilz-Sahne-Soße,""
32,Käsekuchen,""
33,Gefüllte Paprika,""
34,Zucchini mit Feta,""
35,Cowboy Pfanne,""
36,Chili con carne,""
37,Pommes mit Currywurst,""
38,Bratwurst und Sauerkraut,""
39,Salat mit Käse und Schinken,""
40,Scharfes Hühnchen mit Aprikosen,Kochkurs Flo
41,Lauch mit Krabben,""
42,Risotto,""
43,Ravioli mit Zwiehack,""
44,Jambalaya,""
45,Spinatreis mit Aprikosen,""
46,Kartoffelsalat,""
47,Piroggen,""
48,Maultaschen,""
49,Eier mit Senfsoße,""
50,Gefüllte Zwiebeln,""
51,Flammkuchen,""
52,Falaffel,""
53,Couscous mit Tomatensoße u. Kichererbsen,""
54,Geschnetzeltes,""
55,Gnocchi mit Tomatensoße u. Salbei,""
56,Käsespätzle,""
57,Ofengemüse,""
58,Ravioli mit Steinpilzen,""
59,Ebly mit Gemüse,""
60,Frühlingsrollen,""
61,Gebratene Nudeln Japanisch mit PakChoi,Japanisch-Kochbuch S. 50
62,Hähnchen Tikka,Indisch Kochbuch
63,Burger,""
64,Ratatouille,""
65,Zwiebelsuppe,""
66,Borschtsch,""
67,Chorizo-Eintopf,Suppen Kochbuch S. 133
68,Königsberger Klopse,""
69,Flädlesuppe,Suppen Kochbuch s. 188
70,Boeuf Bourguignon,Kochbuch Ofengerichte S. 169
71,Gulaschsuppe,""
72,Brokkoli-Hack-Quiche,Kochbuch Ofengerichte S.40
73,Feta-Hack-Quiche mit Oliven,Kochbuch Ofengerichte S.43
74,Hähnchen Schenkel,""
75,Lauchkuchen,Kochbuch Ofengerichte S.60
76,Nudeln mit Gorgonzola Soße,""
77,Köttbullar,""
78,Nudeln mit Tomaten-Lauch-Möhren Soße,""
79,Überbackener Brokkoli,""
80,Drei-Käse-Makkaroni,Kochbuch Ofengerichte S.228
81,Gemüselasagne,""
82,Szechuan Chili Chicken,Kochbuch Niedertemperatur S.17
83,Chinesisch mit Mandeln,""
84,Rindswürfel mit Pfefferrahmsoße,Kochbuch Niedertemperatur S.78
85,Rösti,""
86,Kartoffelpuffer,""
87,Griechischer Spinatstrudel,""
16,Linsensuppe,""
17,Dhal,""
88,Spinat und Spiegelei,""
89,Quinoa Salat,rewe Magazin
90,Hühnerfrikassee auf peruanische Art,Rewe Magazin
91,vegetarisches Chop Suey,Kochbuch chinesische Gerichte
92,Tofu-Gemüse-Pfanne,Kochbuch Pfannengerichte
93,Hühnerfleisch Kung-Poh,Kochbuch Pfannengerichte
94,Tagliatelle mit Radicchio und Pistazien,HNA nudelkochbuch
95,Pikantes Cajun Huhn,Cajun Kochbuch
97,Steakstreifen in Majoransahne,"1,50 Kochbuch"
98,Curry-Möhren-Suppe,"1,50 Kochbuch"
99,Kartoffeln mit Mojo,""
96,Bohnensuppe mit Wurst,PC Kochbuch von Anne
100,Canneloni Milanese,PC Kochbuch Anne
101,Champignon-Risotto,PC Kochbuch Anne
102,Chilibohnen nach Tex-Mex-Art,PC Kochbuch Anne
103,Conchigli mit Huhn-Pesto-Füllung,PC Kochbuch Anne
104,Farfalle-Salat mit getrockneten Tomaten und Spinat,PC Kochbuch Anne
105,Gnocchi mit Fontina-Käsesoße,PC Kochbuch Anne
106,Hähnchen-Tortellini mit Tomatensoße,PC Kochbuch Anne
107,Käse-Pilz-Taschen,PC Kochbuch Anne
108,Kräuter-Tabbouleh,PC Kochbuch Anne
109,Linguine mit Honig-Basilikum-Sahne-Soße,PC Kochbuch Anne
110,Linsensalat Mittelmeerart,PC Kochbuch Anne
111,Mangold Pie,PC Kochbuch Anne
112,Marinierte Champignons,PC Kochbuch Anne
113,Mexikanische Maispfannkuchen mit Avocado,PC Kochbuch Anne
114,Mexikanisches Gemüse,PC Kochbuch Anne
115,Möhren-Orangen-Suppe,PC Kochbuch Anne
116,Papardelle mit scharfer Soße mit Mohn,PC Kochbuch Anne
117,Pasta Alfredo,PC Kochbuch Anne
118,Pasta Arrabiata,PC Kochbuch Anne
119,Pasta mit Pesto und Hähnchen,PC Kochbuch Anne
120,Muschelnudeln mit Spinat und Ricotta,PC Kochbuch Anne
121,Pastasalat italienisch mit Huhn,PC Kochbuch Anne
122,Pasticcio - Hackkuchen,PC Kochbuch Anne
123,Penne mit Huhn und Champignons,PC Kochbuch Anne
124,Pilzravioli,PC Kochbuch Anne
125,Ravioli gefüllt mit Schweine- und Kalbfleisch und Käsesoße,PC Kochbuch Anne
126,Ravioli mit Huhn in Sahnesoße,PC Kochbuch Anne
127,Rissoni-Nudeln mit karamellisierten Zwiebeln und Blauschimmelkäse,PC Kochbuch Anne
128,Spagetti mit Kräutern und Tomaten,PC Kochbuch Anne
129,Spanisches Omlette,PC Kochbuch Anne
130,Spinatsuppe mit Linsen,PC Kochbuch Anne
131,Tagliatelle mit Kalbfleisch und Weißwein-Sahne-Soße,PC Kochbuch Anne
132,Türkische Ravioli,PC Kochbuch Anne
133,Ziegenkäsesalat,PC Kochbuch Anne
134,Jerk Chicken,http://www.epicurious.com/recipes/food/views/jamaican-jerk-chicken-234807
